--- nocodb/sample_data.sql (原始)


+++ nocodb/sample_data.sql (修改后)
-- NocoDB Sample Data for SupportDesk Analytics
-- Import this data after creating the tables in NocoDB

-- ============================================
-- CATEGORIES (Категории)
-- ============================================
INSERT INTO Categories (name, color) VALUES
('Оборудование', '#3b82f6'),
('Программное обеспечение', '#10b981'),
('Сеть', '#f59e0b'),
('Доступы', '#8b5cf6'),
('Расходные материалы', '#ec4899');

-- ============================================
-- STATUSES (Статусы)
-- ============================================
INSERT INTO Statuses (name, code, color) VALUES
('Новая', 'new', 'status-new'),
('В работе', 'in_progress', 'status-in-progress'),
('Решена', 'resolved', 'status-resolved'),
('Закрыта', 'closed', 'status-closed');

-- ============================================
-- PRIORITIES (Приоритеты)
-- ============================================
INSERT INTO Priorities (name, level, color) VALUES
('Критический', 4, 'priority-high'),
('Высокий', 3, 'priority-high'),
('Средний', 2, 'priority-medium'),
('Низкий', 1, 'priority-low');

-- ============================================
-- DEPARTMENTS (Отделы)
-- ============================================
INSERT INTO Departments (name) VALUES
('Бухгалтерия'),
('Отдел продаж'),
('HR'),
('IT');

-- ============================================
-- EMPLOYEES (Сотрудники)
-- ============================================
INSERT INTO Employees (full_name, email, department_id, position, avatar_initials) VALUES
('Иван Петров', 'ivan.petrov@company.com', 4, 'Руководитель поддержки', 'ИП'),
('Алексей Сидоров', 'alexey.sidorov@company.com', 4, 'IT-специалист', 'АС'),
('Мария Козлова', 'maria.kozlova@company.com', 4, 'Системный администратор', 'МК'),
('Елена Смирнова', 'elena.smirnova@company.com', 1, 'Главный бухгалтер', 'ЕС'),
('Дмитрий Волков', 'dmitry.volkov@company.com', 2, 'Менеджер по продажам', 'ДВ'),
('Ольга Новикова', 'olga.novikova@company.com', 3, 'HR-менеджер', 'ОН');

-- ============================================
-- TICKETS (Заявки) - Sample Data
-- ============================================
INSERT INTO Tickets (id, title, description, category_id, status_id, priority_id, initiator_name, department_id, assignee_id, sla_hours, sla_elapsed_percent, created_at) VALUES
(1247, 'Не работает принтер в бухгалтерии', 'Принтер HP LaserJet не отвечает на запросы печати. Проверка кабеля питания и сетевого подключения не помогла.', 1, 2, 3, 'Елена Смирнова', 1, 2, 4, 75, '2025-01-15 09:30:00'),
(1246, 'Настройка VPN для удалённого доступа', 'Требуется настроить VPN подключение для нового сотрудника отдела продаж.', 3, 1, 2, 'Дмитрий Волков', 2, 1, 8, 30, '2025-01-15 10:15:00'),
(1245, 'Замена картриджа в кабинете 305', 'Закончился тонер в принтере. Требуется замена картриджа.', 5, 3, 1, 'Ольга Новикова', 3, 2, 24, 100, '2025-01-14 14:00:00'),
(1244, 'Установка 1С Предприятие', 'Необходимо установить и настроить 1С Предприятие на новом рабочем месте.', 2, 2, 3, 'Елена Смирнова', 1, 3, 4, 90, '2025-01-15 08:00:00'),
(1243, 'Доступ к сетевой папке', 'Требуется предоставить доступ к общей сетевой папке отдела.', 4, 4, 1, 'Дмитрий Волков', 2, 1, 2, 100, '2025-01-13 11:00:00'),
(1242, 'Не загружается Windows', 'Компьютер не загружается, выдает синий экран.', 1, 1, 4, 'Ольга Новикова', 3, 2, 2, 45, '2025-01-15 11:30:00'),
(1241, 'Обновление антивируса', 'Требуется обновить антивирусное ПО на всех компьютерах бухгалтерии.', 2, 2, 2, 'Елена Смирнова', 1, 3, 8, 60, '2025-01-15 09:00:00'),
(1240, 'Настройка почты', 'Настроить корпоративную почту на мобильном устройстве.', 2, 4, 1, 'Дмитрий Волков', 2, 1, 4, 100, '2025-01-12 15:00:00'),
(1239, 'Замена мыши', 'Сломана компьютерная мышь, требуется замена.', 5, 4, 1, 'Иван Петров', 4, 2, 4, 100, '2025-01-12 10:00:00'),
(1238, 'Проблемы с интернетом', 'Периодически пропадает интернет соединение.', 3, 1, 3, 'Мария Козлова', 4, null, 4, 20, '2025-01-15 11:00:00');

-- ============================================
-- COMMENTS (Комментарии)
-- ============================================
INSERT INTO Comments (ticket_id, author_id, content, created_at) VALUES
(1247, 2, 'Выехал на место. Проверяю подключение к сети.', '2025-01-15 09:45:00'),
(1247, 2, 'Принтер добавлен в сеть. Требуется переустановка драйверов.', '2025-01-15 10:30:00'),
(1245, 2, 'Картридж заменен. Заявка закрыта.', '2025-01-14 16:00:00'),
(1243, 1, 'Доступ предоставлен. Проверьте.', '2025-01-13 11:30:00'),
(1240, 1, 'Почта настроена. Все работает.', '2025-01-12 15:30:00');